,POI Total,POI Lifestyle,POI Business/Residential,POI Food/Beverage,Charge Count,zone_mean_pred,zone_mean_actual
102,-0.013336073,0.008604343,-0.0055580414,-0.022092497,0.007854846,0.30418533,0.31734365
104,-0.028131006,0.024716765,-0.02875957,-0.013338542,-0.041636117,0.25437093,0.23917158
105,0.0012019693,0.06310704,-0.0015731421,-0.010530711,0.006977883,0.432079,0.5820355
106,-0.024576874,0.010914359,-0.007214362,-0.003844363,-0.00054614875,0.3070247,0.1821154
107,0.03896957,0.062506795,0.014711804,0.0059222486,0.02027707,0.49109927,0.5049153
108,-0.012295155,0.016064094,-0.0006002623,0.0057863262,0.008633113,0.37365544,0.29709417
109,-0.011023029,-0.0007939953,0.01749703,0.0061100735,-0.0049821637,0.37041086,0.519389
110,-0.013645698,-0.048458427,0.030878471,0.013513531,0.00928093,0.35018763,0.32308915
111,0.003174707,0.03065598,-0.014363579,-0.010706234,0.013349243,0.39547023,0.37517363
115,-0.0041023875,0.015575977,-0.0012723142,0.007921297,-0.033126574,0.3241065,0.13346855
123,-0.0058105253,-0.035662483,0.014313443,0.009940902,0.014032486,0.34487417,0.22461599
124,0.0068591638,-0.03240407,-0.003843707,-0.012301439,-0.002586261,0.29015908,0.32980192
202,-0.0007175961,0.01296009,0.0039527393,0.020246958,0.007803933,0.37174538,0.3271039
204,0.021102061,-0.022374252,0.012769691,0.0194135,0.020048736,0.44922078,0.6049357
205,0.009677712,0.06318906,-0.016725527,-0.009033079,0.0028001654,0.38090536,0.43326554
206,0.00858424,0.06561075,-0.023274446,-0.00546443,-0.0023927572,0.40352178,0.2996411
208,-0.010886385,-0.00391922,-0.004772801,-0.0029689749,-0.035256453,0.291283,0.3231258
212,-0.0040723956,0.054541793,-0.0146653,-0.009550392,0.026993895,0.39320847,0.23602365
213,-0.00510661,0.026100287,0.026239647,0.00020016597,0.009796599,0.42207527,0.59654707
214,-0.02917644,0.0037269257,-0.02567034,-2.9193614E-05,0.015021632,0.3164773,0.19586034
215,-2.7023627E-05,-0.030463014,0.0020095194,0.0074506137,0.0008111172,0.32188442,0.23303793
216,0.005155747,0.05799847,-0.02209283,-0.0045834007,0.0062755225,0.3874256,0.38662463
217,-0.02787131,-0.02990556,-0.025107516,-0.0049279267,-0.020054871,0.20824705,0.28447273
223,0.024264775,-0.010364188,0.037815724,0.014946677,0.04756562,0.50553185,0.48341778
224,0.012726336,0.012188208,0.03342083,0.020832945,0.02981545,0.5178093,0.6169821
225,-0.009547608,-0.03661877,0.003115463,0.020316431,-0.015101344,0.32787466,0.15851143
226,-0.018036963,-0.021222863,-0.0063488176,-0.036708146,-0.001974775,0.25791332,0.2662571
227,-0.008955221,-0.014523302,-0.024124151,-0.030911842,-0.002960516,0.23227364,0.26189408
235,-0.004236117,-0.05310514,0.017734047,0.016160073,-0.009243251,0.3244382,0.35562629
307,0.0118547585,-0.0066859294,0.037781194,-0.006259064,0.030629732,0.4168573,0.3891465
309,-0.004879671,-0.04140114,0.015891127,-0.0049711736,2.9460243E-05,0.31678185,0.38446155
310,-0.0060412665,0.0087942025,-0.06169669,-0.008122017,-0.010553799,0.25127327,0.17515902
311,-0.009056022,-0.017366083,-0.05005385,-0.024073454,0.007372476,0.23982061,0.27637342
316,0.0002434061,-0.0071329363,0.008504166,0.00064462726,0.048868645,0.40491125,0.5079618
320,0.01260044,-0.00070041924,0.017455125,-0.016599653,0.030202832,0.4097663,0.30719265
321,-0.027507627,-0.049253672,-0.01810465,-0.051720772,-0.015507871,0.17184393,0.21041355
322,-0.025881536,-0.049150288,-0.01266339,-0.05629394,-0.012178147,0.16023424,0.09156009
323,-0.027773086,-0.027127044,-0.008777523,-0.040226456,-0.020714667,0.19938175,0.16110127
324,-0.016798535,-0.02226069,-0.05644212,-0.002737352,-0.0014124997,0.21765815,0.29082832
325,-0.01386424,-0.018196601,-0.002382318,-0.034077704,-0.0054305284,0.26386896,0.24601899
326,-0.0034159354,0.012110376,-0.039890468,-0.013504229,0.009050004,0.30239078,0.2767519
328,0.0044410815,-0.017765833,0.0025650836,0.015329027,0.010680247,0.37167776,0.30952597
329,0.024726111,-0.009249895,0.03801001,0.026382226,0.053361047,0.51379865,0.64556026
330,-0.004351481,-0.0059594256,0.035693813,0.01203767,0.008671403,0.4100912,0.34426764
331,-0.0066104503,-0.0054158913,0.036392797,0.015953084,0.012613542,0.3961065,0.4915071
332,-0.0043154703,-0.011351725,-0.0019565765,-0.025410587,0.021758556,0.33928397,0.39785513
333,0.0085610505,-0.028596686,-0.010994623,0.0031926252,-0.054982755,0.22693466,0.2372611
335,-0.015572578,-0.07034211,0.008992607,0.004504445,0.008263689,0.28284842,0.26483932
340,-0.015657837,-0.0068234755,0.012294958,-0.011808038,-0.037199892,0.28087234,0.24652627
343,-0.009066473,-0.00024707982,-0.065126725,0.0063893027,0.0019468284,0.28463235,0.24929948
346,-0.0025922721,0.0013983687,0.031420395,0.015281481,0.0046727634,0.39989096,0.49762416
347,0.0076914434,0.014033011,0.01970142,0.01317059,0.011522897,0.4380743,0.37778673
348,0.017683266,-0.020068811,0.0074540917,0.004539769,0.0003910772,0.34929013,0.40013695
406,0.049017265,0.011034056,0.014005769,-0.0061927764,0.020886533,0.48106652,0.47750795
408,0.010819384,0.0023323807,0.02345669,0.007589596,0.017529966,0.41784176,0.41517654
501,0.039752245,0.046887577,0.0061392854,0.019806871,0.009893278,0.48860586,0.5064711
502,-0.0044002347,-0.012010466,0.004706673,0.005227635,-0.0012594004,0.3339027,0.25226796
506,-0.013873157,0.02407157,0.022807332,0.002121258,0.026115878,0.41873407,0.45481285
508,-0.009071736,0.05317026,-0.037973445,-0.015602062,0.003305112,0.31625557,0.3128709
511,-0.015094434,-0.035511997,-0.0050062705,-0.038563244,-0.02153087,0.2092358,0.19697449
512,-0.0030618005,0.017543009,0.0051956624,-0.013759419,0.013392067,0.367478,0.418229
513,0.027285386,-0.02375943,-0.014637525,0.018679691,0.012733676,0.37491775,0.30696794
516,-0.011139895,-0.009670016,-0.0069669336,0.0028181993,-0.005296376,0.30277628,0.2878545
519,-0.019894542,-0.010533042,-0.04343362,-0.019448105,0.0045359335,0.25934875,0.4019855
520,-0.01424268,-0.024284111,-0.008702876,-0.015336539,-0.019405313,0.2539451,0.17871158
522,0.008896463,-0.0026274745,0.035311118,-0.002681154,0.009580777,0.42473623,0.43697912
525,-0.0014163575,0.061650038,0.0023714085,-0.014812619,0.0047411034,0.39391577,0.499581
526,-0.023860198,0.01275872,-0.020249754,-0.026605887,-0.0026841874,0.2632807,0.152226
527,-0.0033029718,-0.021262541,0.00039055277,-0.022903768,0.008204926,0.305957,0.31359115
528,-0.008151324,0.03735044,-0.029203452,-0.026709463,0.005383257,0.31052306,0.32551327
529,0.021761624,-0.0118673695,0.015330862,0.026433872,-0.0049754917,0.4242632,0.487646
552,-0.0068747182,-0.017983992,0.0072099557,-0.025391458,-0.0033995176,0.30542278,0.31623545
553,0.010113974,-0.014503629,0.018562416,0.007709302,-0.02540024,0.3414606,0.29789212
558,-0.0015689847,-0.020821447,0.01427195,0.012577696,0.015843883,0.38794044,0.42808864
559,0.015614359,-0.013653073,0.030371996,0.028061487,-0.015163211,0.40332207,0.38675222
568,0.012494184,0.05626767,0.015580884,0.025479423,-0.005993259,0.49030814,0.49330887
570,-0.0028138766,-0.015851451,0.01644591,0.025339682,-0.022412062,0.36506474,0.4532157
575,0.022643223,0.012021735,0.019734684,0.013655245,-0.0169922,0.41841957,0.51058465
576,-0.007280925,-0.012857285,-0.0035925957,-0.00015096809,-0.002299145,0.3079444,0.2861169
577,-0.006488548,-0.031133024,0.0052408664,0.011964635,-0.008305947,0.3231296,0.21484526
578,0.011466766,-0.007377243,0.02377144,0.017751364,0.008654466,0.4484134,0.46629512
580,0.0043111076,-0.022977665,0.010201953,0.00048017953,-0.02144566,0.3091007,0.24363045
582,0.01605146,-0.0015521282,0.014342932,0.022239117,0.026545722,0.4600692,0.54898953
584,0.02125121,-0.010724676,-0.003956475,-0.012153386,0.0049404,0.35034892,0.34223428
585,-0.0056903283,-0.023363326,0.0096433,-0.029949058,-0.019182194,0.2604897,0.30175152
587,-0.005426231,0.012578284,-0.007868338,-0.02857391,-0.011033295,0.28277335,0.30230966
588,-0.004356988,0.025242714,-0.0058809766,-0.02339697,0.0042288355,0.34870943,0.3934282
589,0.0014712204,-0.007550917,0.012658567,-0.0068001403,0.009230501,0.36004627,0.27423564
592,0.0033605027,-0.0067313965,0.007419862,0.010015019,0.003401283,0.35164097,0.3357443
594,0.0101028755,-0.008256844,-0.00338053,-0.016013626,0.020217756,0.37332067,0.32024983
595,0.0017998415,-0.0021732512,0.010035358,0.011889572,0.008879669,0.3980234,0.37803948
596,0.00520415,-0.011328179,0.015528991,0.013100124,0.0042999806,0.4281712,0.47423384
598,0.020953242,-0.0036157246,0.0059352578,-0.026128825,-0.020372069,0.31545696,0.3046709
601,0.025962148,0.08216667,0.025143897,0.02322518,0.01589567,0.5250524,0.5014595
628,0.049754545,-0.00070504576,0.02043734,0.032967575,0.08928451,0.54355055,0.6175684
631,0.0112849,-0.005774257,0.01643299,0.007842323,0.011095365,0.35313654,0.21945618
632,0.02064707,0.013227411,0.023184739,0.025302725,0.016888652,0.49321815,0.54624754
633,-0.018130697,-0.037211273,-0.023517704,0.00050966186,-0.0023617405,0.25492975,0.3607167
637,-0.007935979,-0.043094136,-0.015068466,-0.0038907924,0.007907709,0.25723055,0.21072207
638,-0.013808664,-0.044759575,-0.006992147,-0.005416791,-0.045537338,0.21390156,0.23757966
643,0.007313412,-0.0043249247,-0.005616849,0.004087928,-0.00030669261,0.36787996,0.39343545
644,-0.0063289995,0.011881374,0.024165658,0.011100452,-0.0028352553,0.37136233,0.21915355
647,0.021647245,0.016287507,0.010861594,0.03231409,-0.018600797,0.44088677,0.3126349
651,0.10285199,0.042013697,0.06154309,0.02982228,0.14569719,0.7558101,0.9338035
655,-0.02493056,-0.033630274,-0.021870898,-0.03743585,-0.014059665,0.15306683,0.110886216
656,-0.028038723,-0.07613098,0.0013222082,-0.034199513,-0.0071774484,0.1559899,0.16626742
659,-0.015406849,-0.04375668,-0.019070534,-0.03357776,-0.04349123,0.21051703,0.15959054
681,-0.009648864,0.02515334,0.006160293,0.008560962,-0.03280815,0.33334777,0.2465495
682,-0.010981382,-0.04933542,0.015694931,-0.01795721,-0.005474176,0.27346846,0.3160497
686,-0.008887212,-0.0038825057,-0.004011909,0.0037961463,0.000552288,0.33813426,0.27261013
687,-0.030841077,-0.06300889,0.0018568868,-0.025878383,-0.016422007,0.20217323,0.16056207
690,0.036433376,-0.012229332,0.01375654,0.008748225,0.013317461,0.43901694,0.3691274
691,0.0028944963,-0.054266736,0.07316709,0.019761907,0.01636417,0.43714502,0.514923
693,0.019652821,-0.013266009,0.019511493,0.026246969,0.015885307,0.46375152,0.54561996
698,0.02732614,-0.023039063,-0.0013835565,-0.008011614,0.06163735,0.41008645,0.45240653
699,0.02466938,-0.016954001,0.019196307,0.015066116,8.072371E-05,0.38668004,0.467707
700,0.017994149,-0.015769292,0.009543073,0.0128576,0.011751307,0.38760078,0.49203777
701,0.01404618,-0.011576762,0.00065492914,-0.00022446903,-0.0042876196,0.36338156,0.2929938
703,-0.00048554648,0.014365831,0.017230112,-0.014672616,0.021001654,0.4004487,0.34617883
704,-0.021812754,0.025841529,-0.010150911,-0.02215407,0.01719884,0.34876812,0.35067877
705,0.009490309,0.059874803,-0.015749196,-0.0119356,0.005557826,0.3986748,0.41915777
706,0.0057907747,-0.0021583284,0.018456679,-0.016844353,0.015423518,0.39043793,0.4469619
708,-0.0021381888,-0.008241768,-0.006561009,-0.026249466,0.012179795,0.3021033,0.30480748
709,0.00705796,0.057338417,-0.022740545,-0.013538827,0.009333706,0.40295824,0.36643404
710,0.0024728356,0.07263933,0.008246283,9.3723174E-05,0.01745495,0.4713255,0.42760476
711,-0.0037311965,0.011079933,0.021256888,-0.013130168,0.008618691,0.3830513,0.53677166
712,-0.0055332603,0.014170761,0.017767046,-0.014076242,0.0052568857,0.35213995,0.32834393
715,0.052039463,0.09021046,0.022920232,0.038653973,-0.0064489944,0.5991078,0.52568936
716,-0.0017073037,-0.022887837,-0.0048266,0.0019499743,-0.008979805,0.27653235,0.2996747
718,-0.02654057,-0.024561709,0.006677907,-0.021436589,-0.04292974,0.22700197,0.094267756
719,-0.030695876,-0.024465157,-0.008088468,-0.0018320888,0.03462026,0.3077179,0.36146644
724,0.0009039204,0.012203645,0.0035692102,0.021609304,0.021751434,0.41256642,0.4479908
728,0.016004598,-0.047112796,0.0053373897,-0.027496075,-0.049517326,0.21947144,0.16473716
729,-0.004856701,0.019083075,0.020267576,0.012398243,-0.002566041,0.38587168,0.40984812
731,-0.020788763,-0.043774772,-0.015917199,-0.025480043,0.0023354192,0.23436457,0.1923459
732,0.012627852,-0.011215696,-0.008676105,0.0049923114,-0.028897244,0.28754717,0.2598196
733,0.006043367,-0.0011039908,0.01893487,0.006456766,-0.014515836,0.36556056,0.39030156
737,0.039570756,0.0015543641,0.041608192,0.01967783,0.011054267,0.5112848,0.4915075
741,0.027771419,-0.01438628,0.006901521,-0.0009011482,0.0027185623,0.3243201,0.32936564
744,-0.0019467041,-0.018437272,0.012374661,0.009991509,0.0039495085,0.33355692,0.32400498
745,0.028078608,0.003973028,0.0126591865,-0.014549333,-0.010542926,0.3953288,0.34534237
746,0.0068332246,-0.022514284,0.021398777,0.0147923045,0.021909796,0.42326176,0.40329525
751,-0.008395701,-0.05184019,-0.005574642,-0.002268383,0.0030714115,0.29073715,0.20703387
771,-0.0005295579,0.050664354,0.011425795,0.029148223,0.0039642714,0.45780104,0.4496416
773,0.0017522043,-0.037100643,0.023639848,-0.038120255,-0.02254823,0.25107488,0.27456054
775,0.03691181,0.0019876203,0.022347342,-0.0052099302,0.029027157,0.4624906,0.5429935
777,0.008731704,-0.014161236,0.02452063,-0.009721684,-0.02235049,0.31496504,0.32539874
781,-0.005148548,-0.0028817265,0.018002082,0.026487544,0.017285582,0.43713146,0.32054862
783,0.006298597,0.05003849,0.0136048645,0.029240532,0.0057312623,0.47139463,0.5270752
790,0.00511421,0.059303008,-0.005301858,0.024443977,0.009571092,0.47792995,0.64048934
792,-0.0058469004,-0.021772055,0.02668367,0.005798286,0.06208076,0.4325388,0.42940584
795,0.0028237824,-2.7288996E-05,0.008724909,-0.02100994,0.0144843245,0.36939934,0.41737613
799,-0.019432515,0.020886421,-0.020242913,-0.020248987,0.011555265,0.30867466,0.29629755
802,-0.01186228,-0.004878845,-0.011509533,0.010471981,-0.006327564,0.28515422,0.29063186
804,0.0023041691,0.036586765,0.0059198835,0.0048756665,-0.00047565627,0.40521172,0.40070564
805,-0.0014389326,0.014097928,-0.015996883,0.0010147367,0.0041952957,0.3421398,0.35575923
809,0.018362293,0.015639083,0.013539874,0.019155158,0.009398544,0.4500408,0.48997715
832,0.0040955218,-0.02340093,0.0060962783,0.012322632,0.0060929814,0.3484757,0.48305905
842,0.022796704,-0.02301653,0.00048425078,0.006821094,-0.002735961,0.33735678,0.32939035
844,-0.01648983,-0.055546325,0.0049255686,0.0066028964,-0.0003553834,0.26914376,0.3137671
848,-0.0062560146,-0.040779933,0.0013691942,-0.01934766,-0.0030715645,0.29461023,0.37911245
849,-0.0135399345,-0.007022782,0.006396171,-0.012488436,0.006221566,0.3251708,0.22027612
851,-0.00054865365,0.0012622441,0.026113229,0.014468475,0.014086553,0.39862645,0.4431792
852,-0.0021028686,0.02116964,0.016569795,-0.0055857757,0.051947996,0.41309974,0.28730807
855,0.0139927035,0.01095314,0.016075978,0.027234258,0.041065462,0.45885685,0.4885287
858,0.015422343,-0.020011283,-0.001867007,-0.024743851,-0.0010686107,0.28522843,0.2630649
862,-0.0069060284,-0.049746186,-0.01215705,-0.0037648496,0.0099222185,0.26214013,0.2935241
881,0.0033279806,-0.018054653,-0.008008523,0.0058939606,0.016291793,0.35145265,0.31554967
882,-0.0009989822,0.028590681,0.014166365,0.009568695,-0.022269137,0.3764023,0.43858215
883,-0.006284293,0.0028405543,0.01205592,0.0071110255,-0.011064951,0.33858618,0.35443342
887,-0.0130314315,-0.019895807,-0.06993449,-0.008366124,-0.0033610747,0.20891313,0.20935082
888,0.03896828,5.5912773E-05,0.059217025,0.02850349,0.042149007,0.53339225,0.39670917
890,0.050544035,0.02510426,0.10892718,0.032437176,-0.024110604,0.61159474,1.0
891,-0.0028026192,0.017892051,0.033425167,0.014493513,0.0009709303,0.41662985,0.5991091
893,-0.032389097,-0.06649401,-0.004198317,-0.04163929,-0.049197324,0.094394386,0.05679402
895,-0.024419442,-0.062399495,0.0049090316,-0.030812588,-0.010110558,0.23521428,0.25764325
897,-0.008608427,-0.015817804,-0.05536231,-0.004294235,-0.0011817245,0.27500513,0.32947958
900,0.0008988666,0.00094446965,0.034628954,0.009237357,-0.00783516,0.40195546,0.2068731
901,0.0073753083,0.007965441,0.012607523,0.006280697,-0.021617904,0.37028563,0.32908717
902,0.011028233,0.064941354,0.052877355,0.01878342,0.01785318,0.55277705,0.61000514
903,0.006601103,0.017517483,0.040592566,0.01724453,0.020258354,0.5076053,0.22117034
904,-0.008114936,-0.0044189137,-0.04082078,0.012190984,0.0062469738,0.3182784,0.22054152
937,0.015126974,-0.023846693,-0.006427996,-0.007941447,-0.026458798,0.29190987,0.29702145
943,-0.010378451,-0.0029954985,-0.05516691,0.0031338963,-0.037689738,0.21579075,0.22558409
958,0.013194636,-0.021653702,0.008144816,0.00818112,-0.012750327,0.3266174,0.37704962
965,0.011232671,0.008376977,0.013814784,0.0069118375,0.004385833,0.42490342,0.39598677
966,-0.01841193,-0.00016772396,-0.0032563393,-0.02972119,0.018318456,0.29889157,0.2607686
967,0.0056839143,0.0023909074,0.0066684354,0.0009688148,0.008313352,0.3836605,0.36389795
969,0.0005986267,-0.01331118,-0.00023261973,-0.019962257,-0.0016291668,0.30563465,0.2886468
972,-0.0016531973,-0.0053709825,0.0063525094,0.014916136,0.009968866,0.35857573,0.34488317
974,-0.0047251596,-0.0057117883,0.0025940903,0.0071196696,-0.007892912,0.33527833,0.3021571
975,-0.022341542,-0.046574328,-0.0041523855,0.0041982327,-0.04747372,0.1912651,0.19506253
977,-0.03508062,-0.031427424,-0.018134449,-0.051359307,-0.009100523,0.14310342,0.16958621
979,-0.0064012976,-0.044953085,0.006186981,-0.00061419234,-0.025997646,0.2678444,0.22416995
981,-0.025690882,-0.012667576,-0.018337557,0.0022889082,-0.005144766,0.2680963,0.3872254
982,0.0033729435,-0.011738073,-0.003537757,0.0023883842,-0.021591656,0.31702492,0.28795078
983,0.011068076,-0.032713216,-0.0110851405,0.005798243,-0.039248217,0.24740559,0.29355434
984,-0.0056483424,-0.0291628,0.00393142,0.00092200376,-0.039176863,0.22897793,0.16109283
986,-0.007957514,-0.02240353,0.007551563,-0.02630273,-0.0056277015,0.28973114,0.31556645
987,-0.008919911,-0.012149623,0.023917312,-0.02275695,-0.013019221,0.34015924,0.20672289
988,-0.0108521925,-0.026095469,-0.005062668,-0.04004729,-0.0027415764,0.22435892,0.2368935
989,0.0022985365,0.014824282,0.017923925,0.022933083,-0.0121463565,0.41420653,0.46260917
991,-0.0008186163,-0.027673557,0.025585972,-0.021389397,-0.021038098,0.34692627,0.27051198
996,0.0036364496,-0.010027676,0.010835662,0.012975883,-0.018136205,0.33275518,0.34818608
998,0.01161457,-0.014984064,-0.0024395564,-0.019144217,-0.022715017,0.28709018,0.3012114
1000,0.006156283,-0.01400664,0.0031688304,-0.0223256,-0.00891813,0.29830244,0.21222217
1009,-0.014647681,0.022027766,-0.02282222,-0.021329578,0.001301544,0.29182294,0.3376175
1011,-0.0021175772,0.05099366,0.011109475,-0.0077621965,0.028383475,0.4628432,0.37385455
1015,0.008171779,0.018327566,0.0403876,0.015728593,0.010804764,0.45728308,0.4735125
1026,0.023524288,-0.01861993,0.010454736,0.014574886,0.008578324,0.39437607,0.36360952
1029,-0.01269661,0.0010792948,0.028978704,-0.017296106,0.010642883,0.3754774,0.4566655
1031,0.0006921698,-0.026610916,0.020993209,0.0056767883,0.010598307,0.33464393,0.33534116
1043,-0.019820241,-0.07108256,0.009239734,-0.0025241652,0.0021528176,0.23710956,0.2571658
1049,0.022455033,-0.027171757,0.0018135313,0.007887034,0.008661754,0.34964848,0.3074486
1060,-0.015724802,-0.05084862,-0.066623315,-0.022352414,-0.028231667,0.14167216,0.20417519
1061,0.008957771,-0.009023593,-0.004872941,0.00919783,-0.0049207797,0.32582977,0.3422393
1062,-0.019631997,-0.002014203,-0.0089920405,-0.024915624,0.0026854586,0.27919012,0.3475545
1066,0.007319297,0.06434853,-0.0026249364,-0.012724453,-0.0015878711,0.40320396,0.29678226
1067,0.048542496,0.049895085,0.027326787,-0.008959186,0.009316727,0.5107478,0.5708606
1068,0.0036862076,0.06903384,-0.0012831348,-0.013658892,0.022575919,0.43967038,0.42398402
1071,-0.026968017,0.021282554,-0.042184524,-0.0077176783,0.0023209488,0.27771148,0.33322003
1072,7.8235054E-05,-0.016683755,0.0032169833,-0.020967104,0.00046179208,0.31870672,0.30420637
1074,-0.00736449,0.018204438,0.008691504,-0.016225688,0.010254911,0.34915036,0.28986076
1075,-0.0036430699,-0.005840287,0.007865209,-0.017599816,-0.014326179,0.31406265,0.36405253
1076,-0.022700664,-0.02921473,0.007406492,-0.0030498106,-0.019087816,0.27394405,0.29520553
1081,-0.0012086208,-0.012079649,0.026416838,0.005488855,-0.0046218657,0.36516866,0.40414032
1082,-0.0019632622,-0.01273307,0.0032053231,-0.021558521,-0.035068743,0.28755832,0.24926496
1083,0.02354505,-0.02403681,0.030076686,0.012722165,-0.013142451,0.3716865,0.39457878
1085,-0.0014704164,0.063313626,-0.00941056,-0.016880183,0.009911832,0.39555845,0.37396166
1087,-0.008220048,0.024951402,0.006095456,0.011490341,0.014945494,0.41881502,0.536486
1088,-0.0077509084,0.0633951,-0.0051185796,-0.015232984,0.006626991,0.37302867,0.22974843
1090,-0.021360075,0.011253312,-0.017661542,-0.011532946,0.0059912913,0.31536153,0.26412335
1092,0.0022772045,0.064166784,0.014921689,-0.00066884136,0.012989128,0.48763576,0.5318478
1094,-0.007814254,-0.0136036035,0.02119734,-0.0291778,-0.037924748,0.29422238,0.33050156
1095,-0.02223474,-0.006996075,0.0012285314,-0.028364934,0.002714463,0.2766749,0.20714474
1096,-0.0014471319,0.059617434,-0.00058628427,-0.01713265,0.010372671,0.3759422,0.49140137
1098,0.00288104,0.070738286,0.006756332,-0.003938977,0.010485122,0.45100987,0.3532081
1099,-0.0020710153,-0.01837822,0.0058281063,0.002474157,-0.034671534,0.31229687,0.26035
1100,-0.021149462,0.021881292,-0.014506725,-0.025833333,0.009633255,0.3308981,0.3920379
1102,-0.013062124,0.037997503,-9.179875E-05,-0.010984899,0.027587725,0.44336507,0.41533166
1104,0.037762124,0.005163072,0.014652605,0.009020978,0.043783385,0.50415385,0.51711786
1106,-0.030466229,0.00019875706,-0.004734426,-0.023087347,-0.046090215,0.23036525,0.1604299
1107,-0.0042459266,-0.003159942,0.0012265103,0.0004182233,-0.021967858,0.29686338,0.20302534
1109,-0.0034526037,-0.00871365,0.014713509,-0.01972667,0.004735405,0.33908963,0.4300951
1110,-0.018362822,-0.02775932,-0.0033255275,0.0011054337,-0.0041034324,0.25741073,0.21815355
1111,0.0025496176,-0.020161228,0.018548986,-0.0018407207,0.008033302,0.34806705,0.47482845
1112,-0.014370334,-0.008585386,0.018084582,-0.0075809564,-0.043789018,0.25560424,0.12175437
1113,-0.023740945,-0.04178642,-0.018895583,0.0051786895,-0.0031679338,0.23868492,0.2660559
1114,-0.018886384,-0.02103601,-0.0130407475,-0.046043348,-0.013703072,0.22324441,0.18174109
1115,-0.0024488028,-0.021354564,-0.016510785,0.021781757,-0.00088152185,0.32510203,0.42322877
1119,0.00025429676,0.029308414,-0.021583945,-0.0117407795,0.00046478654,0.35468876,0.40705135
1120,-0.031082215,-0.0017115646,-0.03545963,-0.014876661,-0.002096704,0.2099732,0.17927082
1121,0.0018790313,0.0658213,-0.009069131,0.0040235445,0.025874134,0.47802743,0.55636907
1124,0.006968983,0.06614488,-0.02806324,-0.0065397825,0.0075555425,0.39348057,0.5575841
1125,-0.031784497,-0.007355802,-0.036147766,-0.001522785,-0.038354754,0.22089817,0.11942634
1126,-0.0011222705,0.017783724,0.027228076,0.016240133,0.012465048,0.43379682,0.38676515
1130,-0.036897916,-0.0066783424,0.003024077,-0.019568842,-0.039634675,0.23437376,0.36464968
1134,-0.0018872642,0.019436523,0.01760517,0.035602238,0.015662909,0.4565092,0.31468037
1135,0.0085255345,-0.017034592,0.020938752,0.0073096766,-0.0025079541,0.35243085,0.45156568
1137,-0.021141773,-0.01739674,-0.01520972,-0.030661492,-0.029494662,0.19786134,0.3389206
1138,0.01028314,-0.009893761,-0.001652407,0.0068568643,-0.015422863,0.3327072,0.11204379
1143,-0.010306054,-0.013205624,-0.05679096,0.004162872,0.0056147054,0.27336472,0.24588576
1144,-0.009232933,-0.018933417,-0.028746549,0.009100917,0.014680426,0.31381992,0.29374003
1149,0.008824746,0.02150423,-0.02127211,0.013590545,0.012643764,0.4246223,0.5138763
1154,0.0056672147,-0.023191003,-0.010499341,0.009381671,-0.040329773,0.32478938,0.40175095
1156,-0.007842463,-0.044362053,-0.015386046,0.008169681,0.0021092573,0.2540414,0.14380187
1159,-0.0029667183,0.012254525,0.029956127,0.01373214,0.017476108,0.4185831,0.42054018
1162,-0.0037000752,0.011248957,-0.036359705,0.0065871165,-0.03581973,0.29469493,0.28126797
1163,0.023772575,-0.017886272,0.0058741206,-0.020985482,-0.034368936,0.28933367,0.36624265
1164,0.045303892,0.06555205,0.024458652,0.015654953,0.020890404,0.54755396,0.6296036
1166,0.00855511,0.05489096,0.012997968,-0.014133703,0.019646559,0.43303767,0.45226333
1167,-0.015738519,-0.021791557,0.003082591,-0.038763873,0.019872222,0.27556616,0.30631116
1168,-0.0074925013,-0.01379016,0.008580845,-0.030925917,-0.013036999,0.29665464,0.25227493
1172,0.019727658,-0.014298348,0.018303934,0.0003383216,0.07046031,0.42524126,0.38694194
1173,-0.0021837996,-0.0034255434,0.06784977,0.004035543,0.013255158,0.44456452,0.47054127